{
    "$id": "https://example.com/blog-post.schema.json",
    "$schema": "https://json-schema.org/draft/2020-12/schema",
    "description": "A representation of a blog post",
    "type": "object",
    "required": ["title", "content", "author"],
    "properties": {
      "title": {
        "type": "string"
      },
      "content": {
        "type": "string"
      },
      "publishedDate": {
        "type": "string",
        "format": "date-time"
      },
      "author": {
        "$ref": "https://example.com/user-profile.schema.json"
      },
      "tags": {
        "type": "array",
        "items": {
          "type": "string"
        }
      }
    }
  }
  