{
    "results": [
        {
            "userKey": "RUPESHKUMARSOMALA",
            "bugTitle": null,
            "key": "PROJECTKEY-T275",
            "testCaseId": 605757,
            "executionId": 494704,
            "imageLocation": null,
            "executionDate": "2022-08-12T18:39:46.268Z",
            "status": 2804,
            "platformName": "Android",
            "platformVersion": "11.0",
            "device": "Oneplus 7T",
            "exception": null
        },
        {
            "userKey": "RUPESHKUMARSOMALA",
            "bugTitle": null,
            "key": "PROJECTKEY-T276",
            "testCaseId": 605758,
            "executionId": 494705,
            "imageLocation": null,
            "executionDate": "2022-08-12T18:39:48.287Z",
            "status": 2804,
            "platformName": "Android",
            "platformVersion": "11.0",
            "device": "Oneplus 7T",
            "exception": null
        },
        {
            "userKey": "RUPESHKUMARSOMALA",
            "bugTitle": null,
            "key": "PROJECTKEY-T277",
            "testCaseId": 605759,
            "executionId": 494706,
            "imageLocation": null,
            "executionDate": "2022-08-12T18:39:50.302Z",
            "status": 2805,
            "platformName": "Android",
            "platformVersion": "11.0",
            "device": "Oneplus 7T",
            "exception": null
        },
        {
            "userKey": "RUPESHKUMARSOMALA",
            "bugTitle": null,
            "key": "PROJECTKEY-T277",
            "testCaseId": 605759,
            "executionId": 494706,
            "imageLocation": null,
            "executionDate": "2022-08-12T18:39:57.241Z",
            "status": 2805,
            "platformName": "Android",
            "platformVersion": "11.0",
            "device": "Oneplus 7T",
            "exception": null
        },
        {
            "userKey": "RUPESHKUMARSOMALA",
            "bugTitle": null,
            "key": "PROJECTKEY-T278",
            "testCaseId": 605760,
            "executionId": 494707,
            "imageLocation": null,
            "executionDate": "2022-08-12T18:40:04.361Z",
            "status": 2804,
            "platformName": "Android",
            "platformVersion": "11.0",
            "device": "Oneplus 7T",
            "exception": null
        }
    ]
}