[
    {
        "userKey": "RUPESHKUMARSOMALA",
        "id": 494704,
        "testResultStatusId": 2804,
        "executionDate": "2022-08-12T18:39:46.268Z",
        "plannedStartDate": "2022-08-12T18:39:46.268Z",
        "plannedEndDate": "2022-08-12T18:39:46.268Z",
        "environmentId": 535353,
        "iterationId": 1,
        "jiraVersionId": 2
    },
    {
        "userKey": "RUPESHKUMARSOMALA",
        "plannedStartDate": "2022-08-12T18:39:46.268Z",
        "plannedEndDate": "2022-08-12T18:39:46.268Z",
        "id": 494705,
        "executionDate": "2022-08-12T18:39:48.287Z",
        "testResultStatusId": 2804,
        "environmentId": 535353,
        "iterationId": 1,
        "jiraVersionId": 2
    },
    {
        "userKey": "RUPESHKUMARSOMALA",
        "plannedStartDate": "2022-08-12T18:39:46.268Z",
        "plannedEndDate": "2022-08-12T18:39:46.268Z",
        "id": 494706,
        "executionDate": "2022-08-12T18:39:50.302Z",
        "testResultStatusId": 2805,
        "environmentId": 535353,
        "iterationId": 1,
        "jiraVersionId": 2
    },
    {
        "userKey": "RUPESHKUMARSOMALA",
        "plannedStartDate": "2022-08-12T18:39:46.268Z",
        "plannedEndDate": "2022-08-12T18:39:46.268Z",
        "id": 494706,
        "executionDate": "2022-08-12T18:39:57.241Z",
        "testResultStatusId": 2805,
        "environmentId": 535353,
        "iterationId": 1,
        "jiraVersionId": 2
    },
    {
        "userKey": "RUPESHKUMARSOMALA",
        "plannedStartDate": "2022-08-12T18:39:46.268Z",
        "plannedEndDate": "2022-08-12T18:39:46.268Z",
        "id": 494707,
        "executionDate": "2022-08-12T18:40:04.361Z",
        "testResultStatusId": 2804,
        "environmentId": 535353,
        "iterationId": 1,
        "jiraVersionId": 2
    }
]